mean cost,std cost,success probability,std success probability
72.00806451612904,29.74535636508933,0.8266666666666667,0.015
