mean cost,std cost,success probability,std success probability
24.142857142857142,5.1101108001422135,0.7233333333333334,0.018
