mean cost,std cost,success probability,std success probability
93.82511210762331,5.276302624191557,0.37166666666666665,0.02
