mean cost,std cost,success probability,std success probability
26.56513026052104,2.787257458748443,0.8316666666666667,0.015
