mean cost,std cost,success probability,std success probability
28.39168490153173,4.246993634226374,0.7616666666666667,0.017
