mean cost,std cost,success probability,std success probability
18.074626865671643,2.041357078035547,0.7816666666666666,0.017
