mean cost,std cost,success probability,std success probability
18.203904555314534,2.8909436613955655,0.7683333333333333,0.017
