mean cost,std cost,success probability,std success probability
113.0404411764706,6.644478896449542,0.4533333333333333,0.02
