mean cost,std cost,success probability,std success probability
26.57509881422925,2.381436045426602,0.8433333333333334,0.015
