mean cost,std cost,success probability,std success probability
26.524850894632205,2.4855204397661317,0.8383333333333334,0.015
