mean cost,std cost,success probability,std success probability
30.360381861575178,4.29313220183024,0.6983333333333334,0.019
