mean cost,std cost,success probability,std success probability
138.38571428571427,23.399812488346907,0.5833333333333334,0.02
