mean cost,std cost,success probability,std success probability
63.58910891089109,17.529451319490747,0.33666666666666667,0.019
