mean cost,std cost,success probability,std success probability
30.293556085918855,3.6259778045676367,0.6983333333333334,0.019
