mean cost,std cost,success probability,std success probability
26.635080645161292,2.476888981313943,0.8266666666666667,0.015
