mean cost,std cost,success probability,std success probability
19.893564356435643,5.783730866915207,0.6733333333333333,0.019
