mean cost,std cost,success probability,std success probability
121.6907894736842,7.631077002549285,0.5066666666666667,0.02
