mean cost,std cost,success probability,std success probability
26.485294117647058,2.807140152871701,0.7933333333333333,0.017
