mean cost,std cost,success probability,std success probability
18.17558886509636,2.390022852543258,0.7783333333333333,0.017
