mean cost,std cost,success probability,std success probability
76.48398576512456,6.228215539878599,0.4683333333333333,0.02
