mean cost,std cost,success probability,std success probability
70.81118881118881,5.988276482435042,0.4766666666666667,0.02
