mean cost,std cost,success probability,std success probability
142.0788043478261,25.46986255499656,0.6133333333333333,0.02
