mean cost,std cost,success probability,std success probability
26.74896265560166,3.182754516108447,0.8033333333333333,0.016
