mean cost,std cost,success probability,std success probability
26.40990099009901,2.197275763821248,0.8416666666666667,0.015
