mean cost,std cost,success probability,std success probability
51.47857142857143,5.399031470210795,0.4666666666666667,0.02
