mean cost,std cost,success probability,std success probability
19.507978723404257,3.510613112417719,0.6266666666666667,0.02
