mean cost,std cost,success probability,std success probability
26.83157894736842,3.8197619974877393,0.7916666666666666,0.017
