mean cost,std cost,success probability,std success probability
41.67040358744394,9.175976301883225,0.7433333333333333,0.018
