mean cost,std cost,success probability,std success probability
17.943844492440604,2.0910897862540314,0.7716666666666666,0.017
