mean cost,std cost,success probability,std success probability
142.275204359673,22.93476142526855,0.6116666666666667,0.02
