mean cost,std cost,success probability,std success probability
18.143468950749465,2.665260524285042,0.7783333333333333,0.017
