mean cost,std cost,success probability,std success probability
134.5139318885449,27.315759822766257,0.5383333333333333,0.02
