mean cost,std cost,success probability,std success probability
100.48529411764706,7.645630522721158,0.22666666666666666,0.017
