mean cost,std cost,success probability,std success probability
24.079545454545453,4.286929370744526,0.7333333333333333,0.018
