mean cost,std cost,success probability,std success probability
114.14429530201342,5.859883895479621,0.49666666666666665,0.02
