mean cost,std cost,success probability,std success probability
74.41501976284584,30.79136877450424,0.8433333333333334,0.015
