mean cost,std cost,success probability,std success probability
29.4025,4.275569406523534,0.6666666666666666,0.019
