mean cost,std cost,success probability,std success probability
47.71855010660981,3.5041396822521973,0.7816666666666666,0.017
