mean cost,std cost,success probability,std success probability
23.914893617021278,4.974102237971095,0.7833333333333333,0.017
