mean cost,std cost,success probability,std success probability
93.58407079646018,5.442744075797968,0.37666666666666665,0.02
