mean cost,std cost,success probability,std success probability
47.06896551724138,4.531705839503163,0.6283333333333333,0.02
