mean cost,std cost,success probability,std success probability
72.92292089249493,30.39526862781823,0.8216666666666667,0.016
