mean cost,std cost,success probability,std success probability
129.0681818181818,32.11902418934973,0.14666666666666667,0.014
