mean cost,std cost,success probability,std success probability
28.528089887640448,4.904686792369728,0.7416666666666667,0.018
