mean cost,std cost,success probability,std success probability
134.7289156626506,24.77547383287532,0.5533333333333333,0.02
