mean cost,std cost,success probability,std success probability
47.17379679144385,3.7947695527800214,0.6233333333333333,0.02
