mean cost,std cost,success probability,std success probability
18.215217391304346,2.230077732248689,0.7666666666666667,0.017
