mean cost,std cost,success probability,std success probability
124.72527472527473,25.55109766639181,0.15166666666666667,0.015
