mean cost,std cost,success probability,std success probability
23.68980477223427,4.795298240083073,0.7683333333333333,0.017
