mean cost,std cost,success probability,std success probability
76.77027027027027,5.954324563544976,0.49333333333333335,0.02
