mean cost,std cost,success probability,std success probability
26.56448202959831,3.3144833359908126,0.7883333333333333,0.017
