mean cost,std cost,success probability,std success probability
62.47867298578199,14.385790453062091,0.3516666666666667,0.019
