mean cost,std cost,success probability,std success probability
26.699797160243406,2.3208945867906117,0.8216666666666667,0.016
