mean cost,std cost,success probability,std success probability
51.11188811188811,6.263564184645461,0.4766666666666667,0.02
