mean cost,std cost,success probability,std success probability
94.0627802690583,5.660468327545374,0.37166666666666665,0.02
