mean cost,std cost,success probability,std success probability
84.24921135646687,5.910294793962731,0.5283333333333333,0.02
