mean cost,std cost,success probability,std success probability
107.05785123966942,6.877676814014719,0.4033333333333333,0.02
