mean cost,std cost,success probability,std success probability
51.22545454545455,5.203502952358787,0.4583333333333333,0.02
