mean cost,std cost,success probability,std success probability
28.306997742663658,4.149641205898701,0.7383333333333333,0.018
