mean cost,std cost,success probability,std success probability
29.547120418848166,4.911960995158658,0.6366666666666667,0.02
