mean cost,std cost,success probability,std success probability
40.84778012684989,2.3905381532230785,0.7883333333333333,0.017
