mean cost,std cost,success probability,std success probability
29.280927835051546,4.225102593148156,0.6466666666666666,0.02
