mean cost,std cost,success probability,std success probability
28.2021978021978,3.67330668238473,0.7583333333333333,0.017
